"ANIO","CVE_MES","CVE_ENT","INDICADOR"
2015,1,1,0
2016,1,1,0
2017,1,1,0
2018,1,1,0
2019,1,1,0
2020,1,1,1
2021,1,1,2
2022,1,1,2
2015,2,1,0
2016,2,1,0
2017,2,1,0
2018,2,1,0
2019,2,1,1
2020,2,1,0
2021,2,1,1
2022,2,1,2
2015,3,1,0
2016,3,1,0
2017,3,1,0
2018,3,1,0
2019,3,1,0
2020,3,1,0
2021,3,1,1
2022,3,1,1
2015,4,1,0
2016,4,1,0
2017,4,1,0
2018,4,1,1
2019,4,1,0
2020,4,1,0
2021,4,1,1
2022,4,1,0
2015,5,1,0
2016,5,1,0
2017,5,1,0
2018,5,1,0
2019,5,1,0
2020,5,1,0
2021,5,1,0
2022,5,1,0
2015,6,1,0
2016,6,1,0
2017,6,1,0
2018,6,1,0
2019,6,1,0
2020,6,1,0
2021,6,1,0
2022,6,1,2
2015,7,1,0
2016,7,1,0
2017,7,1,0
2018,7,1,0
2019,7,1,1
2020,7,1,0
2021,7,1,1
2015,8,1,0
2016,8,1,0
2017,8,1,0
2018,8,1,2
2019,8,1,1
2020,8,1,0
2021,8,1,0
2015,9,1,0
2016,9,1,0
2017,9,1,0
2018,9,1,0
2019,9,1,1
2020,9,1,0
2021,9,1,1
2015,10,1,0
2016,10,1,0
2017,10,1,0
2018,10,1,0
2019,10,1,0
2020,10,1,1
2021,10,1,1
2015,11,1,0
2016,11,1,0
2017,11,1,0
2018,11,1,1
2019,11,1,0
2020,11,1,1
2021,11,1,1
2015,12,1,0
2016,12,1,0
2017,12,1,0
2018,12,1,0
2019,12,1,1
2020,12,1,0
2021,12,1,0
2015,1,2,0
2016,1,2,0
2017,1,2,0
2018,1,2,1
2019,1,2,1
2020,1,2,2
2021,1,2,3
2022,1,2,2
2015,2,2,0
2016,2,2,0
2017,2,2,0
2018,2,2,2
2019,2,2,1
2020,2,2,6
2021,2,2,1
2022,2,2,4
2015,3,2,3
2016,3,2,1
2017,3,2,1
2018,3,2,0
2019,3,2,2
2020,3,2,1
2021,3,2,1
2022,3,2,3
2015,4,2,2
2016,4,2,3
2017,4,2,2
2018,4,2,2
2019,4,2,0
2020,4,2,2
2021,4,2,0
2022,4,2,2
2015,5,2,0
2016,5,2,0
2017,5,2,1
2018,5,2,0
2019,5,2,5
2020,5,2,4
2021,5,2,1
2022,5,2,1
2015,6,2,1
2016,6,2,1
2017,6,2,0
2018,6,2,4
2019,6,2,4
2020,6,2,5
2021,6,2,1
2022,6,2,2
2015,7,2,0
2016,7,2,1
2017,7,2,1
2018,7,2,2
2019,7,2,3
2020,7,2,3
2021,7,2,5
2015,8,2,2
2016,8,2,0
2017,8,2,0
2018,8,2,2
2019,8,2,1
2020,8,2,2
2021,8,2,3
2015,9,2,0
2016,9,2,2
2017,9,2,0
2018,9,2,4
2019,9,2,1
2020,9,2,3
2021,9,2,1
2015,10,2,1
2016,10,2,1
2017,10,2,4
2018,10,2,6
2019,10,2,4
2020,10,2,1
2021,10,2,0
2015,11,2,0
2016,11,2,2
2017,11,2,1
2018,11,2,0
2019,11,2,0
2020,11,2,1
2021,11,2,2
2015,12,2,1
2016,12,2,1
2017,12,2,1
2018,12,2,4
2019,12,2,1
2020,12,2,1
2021,12,2,1
2015,1,3,0
2016,1,3,0
2017,1,3,0
2018,1,3,0
2019,1,3,0
2020,1,3,0
2021,1,3,0
2022,1,3,1
2015,2,3,0
2016,2,3,0
2017,2,3,0
2018,2,3,0
2019,2,3,0
2020,2,3,0
2021,2,3,2
2022,2,3,1
2015,3,3,0
2016,3,3,0
2017,3,3,0
2018,3,3,0
2019,3,3,0
2020,3,3,0
2021,3,3,0
2022,3,3,0
2015,4,3,0
2016,4,3,0
2017,4,3,0
2018,4,3,0
2019,4,3,0
2020,4,3,1
2021,4,3,0
2022,4,3,1
2015,5,3,0
2016,5,3,0
2017,5,3,0
2018,5,3,0
2019,5,3,0
2020,5,3,1
2021,5,3,0
2022,5,3,0
2015,6,3,0
2016,6,3,0
2017,6,3,0
2018,6,3,0
2019,6,3,0
2020,6,3,0
2021,6,3,2
2022,6,3,0
2015,7,3,0
2016,7,3,0
2017,7,3,0
2018,7,3,0
2019,7,3,0
2020,7,3,0
2021,7,3,0
2015,8,3,0
2016,8,3,0
2017,8,3,0
2018,8,3,0
2019,8,3,0
2020,8,3,0
2021,8,3,0
2015,9,3,0
2016,9,3,0
2017,9,3,0
2018,9,3,0
2019,9,3,0
2020,9,3,0
2021,9,3,0
2015,10,3,0
2016,10,3,0
2017,10,3,0
2018,10,3,0
2019,10,3,1
2020,10,3,0
2021,10,3,1
2015,11,3,0
2016,11,3,0
2017,11,3,0
2018,11,3,0
2019,11,3,1
2020,11,3,0
2021,11,3,1
2015,12,3,0
2016,12,3,0
2017,12,3,0
2018,12,3,0
2019,12,3,0
2020,12,3,2
2021,12,3,1
2015,1,4,1
2016,1,4,1
2017,1,4,1
2018,1,4,0
2019,1,4,0
2020,1,4,1
2021,1,4,0
2022,1,4,1
2015,2,4,2
2016,2,4,0
2017,2,4,0
2018,2,4,0
2019,2,4,0
2020,2,4,0
2021,2,4,1
2022,2,4,2
2015,3,4,0
2016,3,4,1
2017,3,4,0
2018,3,4,0
2019,3,4,0
2020,3,4,1
2021,3,4,0
2022,3,4,0
2015,4,4,0
2016,4,4,0
2017,4,4,0
2018,4,4,0
2019,4,4,0
2020,4,4,0
2021,4,4,2
2022,4,4,0
2015,5,4,0
2016,5,4,0
2017,5,4,0
2018,5,4,0
2019,5,4,1
2020,5,4,0
2021,5,4,1
2022,5,4,3
2015,6,4,1
2016,6,4,0
2017,6,4,0
2018,6,4,1
2019,6,4,0
2020,6,4,1
2021,6,4,0
2022,6,4,1
2015,7,4,0
2016,7,4,0
2017,7,4,0
2018,7,4,3
2019,7,4,0
2020,7,4,0
2021,7,4,1
2015,8,4,0
2016,8,4,0
2017,8,4,0
2018,8,4,0
2019,8,4,1
2020,8,4,0
2021,8,4,0
2015,9,4,0
2016,9,4,1
2017,9,4,0
2018,9,4,0
2019,9,4,1
2020,9,4,0
2021,9,4,1
2015,10,4,0
2016,10,4,0
2017,10,4,0
2018,10,4,1
2019,10,4,0
2020,10,4,0
2021,10,4,0
2015,11,4,0
2016,11,4,0
2017,11,4,0
2018,11,4,0
2019,11,4,1
2020,11,4,0
2021,11,4,1
2015,12,4,0
2016,12,4,0
2017,12,4,0
2018,12,4,0
2019,12,4,2
2020,12,4,0
2021,12,4,0
2015,1,5,1
2016,1,5,4
2017,1,5,0
2018,1,5,0
2019,1,5,1
2020,1,5,1
2021,1,5,2
2022,1,5,2
2015,2,5,1
2016,2,5,0
2017,2,5,3
2018,2,5,1
2019,2,5,3
2020,2,5,3
2021,2,5,2
2022,2,5,2
2015,3,5,1
2016,3,5,1
2017,3,5,1
2018,3,5,0
2019,3,5,4
2020,3,5,2
2021,3,5,0
2022,3,5,2
2015,4,5,2
2016,4,5,2
2017,4,5,1
2018,4,5,0
2019,4,5,1
2020,4,5,2
2021,4,5,2
2022,4,5,1
2015,5,5,0
2016,5,5,2
2017,5,5,0
2018,5,5,1
2019,5,5,3
2020,5,5,1
2021,5,5,0
2022,5,5,4
2015,6,5,2
2016,6,5,2
2017,6,5,0
2018,6,5,1
2019,6,5,4
2020,6,5,4
2021,6,5,2
2022,6,5,3
2015,7,5,0
2016,7,5,0
2017,7,5,1
2018,7,5,0
2019,7,5,1
2020,7,5,1
2021,7,5,1
2015,8,5,1
2016,8,5,0
2017,8,5,0
2018,8,5,1
2019,8,5,2
2020,8,5,1
2021,8,5,6
2015,9,5,1
2016,9,5,1
2017,9,5,2
2018,9,5,1
2019,9,5,2
2020,9,5,3
2021,9,5,0
2015,10,5,4
2016,10,5,0
2017,10,5,0
2018,10,5,2
2019,10,5,0
2020,10,5,4
2021,10,5,2
2015,11,5,0
2016,11,5,1
2017,11,5,1
2018,11,5,3
2019,11,5,2
2020,11,5,1
2021,11,5,3
2015,12,5,3
2016,12,5,1
2017,12,5,0
2018,12,5,3
2019,12,5,1
2020,12,5,1
2021,12,5,2
2015,1,6,0
2016,1,6,2
2017,1,6,0
2018,1,6,0
2019,1,6,0
2020,1,6,0
2021,1,6,1
2022,1,6,0
2015,2,6,0
2016,2,6,2
2017,2,6,0
2018,2,6,1
2019,2,6,1
2020,2,6,2
2021,2,6,0
2022,2,6,0
2015,3,6,0
2016,3,6,5
2017,3,6,1
2018,3,6,2
2019,3,6,0
2020,3,6,1
2021,3,6,0
2022,3,6,0
2015,4,6,0
2016,4,6,3
2017,4,6,0
2018,4,6,2
2019,4,6,0
2020,4,6,1
2021,4,6,1
2022,4,6,0
2015,5,6,0
2016,5,6,4
2017,5,6,0
2018,5,6,2
2019,5,6,0
2020,5,6,1
2021,5,6,1
2022,5,6,0
2015,6,6,0
2016,6,6,4
2017,6,6,0
2018,6,6,0
2019,6,6,2
2020,6,6,0
2021,6,6,0
2022,6,6,0
2015,7,6,2
2016,7,6,1
2017,7,6,1
2018,7,6,1
2019,7,6,0
2020,7,6,1
2021,7,6,0
2015,8,6,0
2016,8,6,1
2017,8,6,0
2018,8,6,0
2019,8,6,1
2020,8,6,0
2021,8,6,0
2015,9,6,1
2016,9,6,0
2017,9,6,0
2018,9,6,0
2019,9,6,1
2020,9,6,1
2021,9,6,0
2015,10,6,0
2016,10,6,0
2017,10,6,0
2018,10,6,1
2019,10,6,1
2020,10,6,0
2021,10,6,0
2015,11,6,0
2016,11,6,0
2017,11,6,1
2018,11,6,2
2019,11,6,1
2020,11,6,0
2021,11,6,1
2015,12,6,2
2016,12,6,0
2017,12,6,1
2018,12,6,1
2019,12,6,3
2020,12,6,0
2021,12,6,0
2015,1,7,2
2016,1,7,2
2017,1,7,1
2018,1,7,1
2019,1,7,1
2020,1,7,4
2021,1,7,4
2022,1,7,4
2015,2,7,2
2016,2,7,4
2017,2,7,3
2018,2,7,3
2019,2,7,1
2020,2,7,0
2021,2,7,5
2022,2,7,3
2015,3,7,0
2016,3,7,9
2017,3,7,0
2018,3,7,3
2019,3,7,4
2020,3,7,3
2021,3,7,3
2022,3,7,1
2015,4,7,4
2016,4,7,4
2017,4,7,5
2018,4,7,4
2019,4,7,0
2020,4,7,2
2021,4,7,3
2022,4,7,4
2015,5,7,2
2016,5,7,0
2017,5,7,2
2018,5,7,2
2019,5,7,3
2020,5,7,3
2021,5,7,9
2022,5,7,2
2015,6,7,4
2016,6,7,2
2017,6,7,3
2018,6,7,1
2019,6,7,1
2020,6,7,2
2021,6,7,4
2022,6,7,6
2015,7,7,5
2016,7,7,2
2017,7,7,2
2018,7,7,2
2019,7,7,0
2020,7,7,1
2021,7,7,3
2015,8,7,2
2016,8,7,1
2017,8,7,7
2018,8,7,0
2019,8,7,3
2020,8,7,1
2021,8,7,3
2015,9,7,2
2016,9,7,2
2017,9,7,1
2018,9,7,2
2019,9,7,3
2020,9,7,2
2021,9,7,4
2015,10,7,6
2016,10,7,3
2017,10,7,2
2018,10,7,2
2019,10,7,1
2020,10,7,1
2021,10,7,2
2015,11,7,2
2016,11,7,3
2017,11,7,0
2018,11,7,1
2019,11,7,0
2020,11,7,4
2021,11,7,2
2015,12,7,5
2016,12,7,0
2017,12,7,3
2018,12,7,0
2019,12,7,3
2020,12,7,5
2021,12,7,4
2015,1,8,0
2016,1,8,0
2017,1,8,0
2018,1,8,4
2019,1,8,5
2020,1,8,1
2021,1,8,6
2022,1,8,3
2015,2,8,0
2016,2,8,0
2017,2,8,0
2018,2,8,4
2019,2,8,2
2020,2,8,2
2021,2,8,1
2022,2,8,2
2015,3,8,0
2016,3,8,0
2017,3,8,0
2018,3,8,6
2019,3,8,2
2020,3,8,1
2021,3,8,3
2022,3,8,5
2015,4,8,0
2016,4,8,0
2017,4,8,0
2018,4,8,1
2019,4,8,4
2020,4,8,3
2021,4,8,3
2022,4,8,4
2015,5,8,0
2016,5,8,0
2017,5,8,0
2018,5,8,4
2019,5,8,6
2020,5,8,2
2021,5,8,4
2022,5,8,3
2015,6,8,0
2016,6,8,0
2017,6,8,0
2018,6,8,7
2019,6,8,4
2020,6,8,8
2021,6,8,5
2022,6,8,5
2015,7,8,0
2016,7,8,0
2017,7,8,0
2018,7,8,2
2019,7,8,2
2020,7,8,3
2021,7,8,2
2015,8,8,0
2016,8,8,0
2017,8,8,0
2018,8,8,6
2019,8,8,1
2020,8,8,3
2021,8,8,10
2015,9,8,0
2016,9,8,0
2017,9,8,0
2018,9,8,2
2019,9,8,1
2020,9,8,5
2021,9,8,2
2015,10,8,0
2016,10,8,0
2017,10,8,0
2018,10,8,3
2019,10,8,0
2020,10,8,1
2021,10,8,4
2015,11,8,0
2016,11,8,0
2017,11,8,8
2018,11,8,3
2019,11,8,2
2020,11,8,1
2021,11,8,2
2015,12,8,0
2016,12,8,0
2017,12,8,3
2018,12,8,2
2019,12,8,0
2020,12,8,0
2021,12,8,2
2015,1,9,4
2016,1,9,4
2017,1,9,5
2018,1,9,5
2019,1,9,3
2020,1,9,4
2021,1,9,1
2022,1,9,6
2015,2,9,2
2016,2,9,3
2017,2,9,4
2018,2,9,3
2019,2,9,3
2020,2,9,8
2021,2,9,6
2022,2,9,6
2015,3,9,4
2016,3,9,9
2017,3,9,3
2018,3,9,5
2019,3,9,4
2020,3,9,7
2021,3,9,14
2022,3,9,3
2015,4,9,10
2016,4,9,3
2017,4,9,2
2018,4,9,5
2019,4,9,5
2020,4,9,7
2021,4,9,5
2022,4,9,4
2015,5,9,6
2016,5,9,9
2017,5,9,2
2018,5,9,5
2019,5,9,2
2020,5,9,7
2021,5,9,7
2022,5,9,5
2015,6,9,5
2016,6,9,4
2017,6,9,9
2018,6,9,2
2019,6,9,9
2020,6,9,7
2021,6,9,5
2022,6,9,7
2015,7,9,2
2016,7,9,3
2017,7,9,2
2018,7,9,6
2019,7,9,5
2020,7,9,7
2021,7,9,5
2015,8,9,8
2016,8,9,0
2017,8,9,3
2018,8,9,1
2019,8,9,5
2020,8,9,6
2021,8,9,8
2015,9,9,8
2016,9,9,5
2017,9,9,1
2018,9,9,5
2019,9,9,14
2020,9,9,8
2021,9,9,4
2015,10,9,1
2016,10,9,2
2017,10,9,2
2018,10,9,3
2019,10,9,5
2020,10,9,7
2021,10,9,5
2015,11,9,2
2016,11,9,1
2017,11,9,1
2018,11,9,3
2019,11,9,8
2020,11,9,4
2021,11,9,4
2015,12,9,4
2016,12,9,3
2017,12,9,3
2018,12,9,4
2019,12,9,9
2020,12,9,6
2021,12,9,4
2015,1,10,0
2016,1,10,0
2017,1,10,2
2018,1,10,0
2019,1,10,0
2020,1,10,2
2021,1,10,1
2022,1,10,1
2015,2,10,1
2016,2,10,0
2017,2,10,0
2018,2,10,1
2019,2,10,1
2020,2,10,0
2021,2,10,0
2022,2,10,0
2015,3,10,0
2016,3,10,0
2017,3,10,0
2018,3,10,0
2019,3,10,0
2020,3,10,2
2021,3,10,2
2022,3,10,2
2015,4,10,0
2016,4,10,0
2017,4,10,0
2018,4,10,0
2019,4,10,1
2020,4,10,1
2021,4,10,1
2022,4,10,1
2015,5,10,0
2016,5,10,0
2017,5,10,1
2018,5,10,0
2019,5,10,1
2020,5,10,1
2021,5,10,1
2022,5,10,2
2015,6,10,0
2016,6,10,1
2017,6,10,2
2018,6,10,0
2019,6,10,2
2020,6,10,0
2021,6,10,1
2022,6,10,2
2015,7,10,0
2016,7,10,0
2017,7,10,0
2018,7,10,0
2019,7,10,0
2020,7,10,2
2021,7,10,1
2015,8,10,0
2016,8,10,0
2017,8,10,2
2018,8,10,1
2019,8,10,2
2020,8,10,2
2021,8,10,0
2015,9,10,0
2016,9,10,1
2017,9,10,0
2018,9,10,1
2019,9,10,1
2020,9,10,0
2021,9,10,1
2015,10,10,1
2016,10,10,0
2017,10,10,1
2018,10,10,1
2019,10,10,1
2020,10,10,1
2021,10,10,1
2015,11,10,0
2016,11,10,0
2017,11,10,1
2018,11,10,0
2019,11,10,1
2020,11,10,1
2021,11,10,1
2015,12,10,0
2016,12,10,0
2017,12,10,0
2018,12,10,0
2019,12,10,0
2020,12,10,0
2021,12,10,0
2015,1,11,1
2016,1,11,1
2017,1,11,1
2018,1,11,2
2019,1,11,0
2020,1,11,4
2021,1,11,3
2022,1,11,2
2015,2,11,0
2016,2,11,1
2017,2,11,1
2018,2,11,5
2019,2,11,4
2020,2,11,1
2021,2,11,2
2022,2,11,1
2015,3,11,1
2016,3,11,0
2017,3,11,2
2018,3,11,1
2019,3,11,0
2020,3,11,2
2021,3,11,4
2022,3,11,2
2015,4,11,2
2016,4,11,1
2017,4,11,0
2018,4,11,0
2019,4,11,1
2020,4,11,1
2021,4,11,1
2022,4,11,2
2015,5,11,2
2016,5,11,1
2017,5,11,0
2018,5,11,1
2019,5,11,0
2020,5,11,0
2021,5,11,6
2022,5,11,1
2015,6,11,1
2016,6,11,1
2017,6,11,2
2018,6,11,1
2019,6,11,0
2020,6,11,1
2021,6,11,2
2022,6,11,4
2015,7,11,2
2016,7,11,1
2017,7,11,2
2018,7,11,2
2019,7,11,3
2020,7,11,1
2021,7,11,2
2015,8,11,1
2016,8,11,0
2017,8,11,2
2018,8,11,1
2019,8,11,1
2020,8,11,1
2021,8,11,5
2015,9,11,3
2016,9,11,2
2017,9,11,0
2018,9,11,0
2019,9,11,2
2020,9,11,3
2021,9,11,3
2015,10,11,2
2016,10,11,1
2017,10,11,2
2018,10,11,4
2019,10,11,1
2020,10,11,2
2021,10,11,1
2015,11,11,1
2016,11,11,2
2017,11,11,0
2018,11,11,3
2019,11,11,3
2020,11,11,2
2021,11,11,0
2015,12,11,0
2016,12,11,3
2017,12,11,0
2018,12,11,1
2019,12,11,3
2020,12,11,1
2021,12,11,1
2015,1,12,0
2016,1,12,2
2017,1,12,1
2018,1,12,4
2019,1,12,0
2020,1,12,0
2021,1,12,2
2022,1,12,1
2015,2,12,1
2016,2,12,0
2017,2,12,1
2018,2,12,3
2019,2,12,1
2020,2,12,3
2021,2,12,1
2022,2,12,0
2015,3,12,0
2016,3,12,1
2017,3,12,1
2018,3,12,3
2019,3,12,4
2020,3,12,3
2021,3,12,1
2022,3,12,1
2015,4,12,0
2016,4,12,2
2017,4,12,2
2018,4,12,2
2019,4,12,1
2020,4,12,2
2021,4,12,1
2022,4,12,2
2015,5,12,0
2016,5,12,4
2017,5,12,3
2018,5,12,1
2019,5,12,2
2020,5,12,0
2021,5,12,1
2022,5,12,0
2015,6,12,0
2016,6,12,0
2017,6,12,2
2018,6,12,4
2019,6,12,2
2020,6,12,1
2021,6,12,1
2022,6,12,0
2015,7,12,0
2016,7,12,2
2017,7,12,2
2018,7,12,3
2019,7,12,4
2020,7,12,1
2021,7,12,0
2015,8,12,0
2016,8,12,4
2017,8,12,1
2018,8,12,2
2019,8,12,0
2020,8,12,0
2021,8,12,2
2015,9,12,0
2016,9,12,1
2017,9,12,2
2018,9,12,4
2019,9,12,0
2020,9,12,0
2021,9,12,0
2015,10,12,0
2016,10,12,2
2017,10,12,2
2018,10,12,2
2019,10,12,1
2020,10,12,2
2021,10,12,4
2015,11,12,0
2016,11,12,2
2017,11,12,2
2018,11,12,2
2019,11,12,1
2020,11,12,0
2021,11,12,3
2015,12,12,0
2016,12,12,1
2017,12,12,2
2018,12,12,3
2019,12,12,2
2020,12,12,1
2021,12,12,1
2015,1,13,0
2016,1,13,0
2017,1,13,2
2018,1,13,2
2019,1,13,3
2020,1,13,1
2021,1,13,2
2022,1,13,1
2015,2,13,0
2016,2,13,2
2017,2,13,2
2018,2,13,1
2019,2,13,0
2020,2,13,3
2021,2,13,1
2022,2,13,2
2015,3,13,0
2016,3,13,2
2017,3,13,1
2018,3,13,1
2019,3,13,1
2020,3,13,2
2021,3,13,4
2022,3,13,0
2015,4,13,0
2016,4,13,2
2017,4,13,4
2018,4,13,3
2019,4,13,4
2020,4,13,0
2021,4,13,2
2022,4,13,1
2015,5,13,0
2016,5,13,3
2017,5,13,0
2018,5,13,3
2019,5,13,1
2020,5,13,4
2021,5,13,1
2022,5,13,0
2015,6,13,0
2016,6,13,4
2017,6,13,1
2018,6,13,3
2019,6,13,2
2020,6,13,1
2021,6,13,1
2022,6,13,2
2015,7,13,0
2016,7,13,2
2017,7,13,2
2018,7,13,3
2019,7,13,2
2020,7,13,1
2021,7,13,0
2015,8,13,0
2016,8,13,2
2017,8,13,1
2018,8,13,0
2019,8,13,1
2020,8,13,3
2021,8,13,1
2015,9,13,0
2016,9,13,1
2017,9,13,0
2018,9,13,2
2019,9,13,1
2020,9,13,1
2021,9,13,3
2015,10,13,0
2016,10,13,0
2017,10,13,3
2018,10,13,1
2019,10,13,2
2020,10,13,1
2021,10,13,1
2015,11,13,0
2016,11,13,3
2017,11,13,4
2018,11,13,1
2019,11,13,1
2020,11,13,0
2021,11,13,3
2015,12,13,0
2016,12,13,1
2017,12,13,2
2018,12,13,0
2019,12,13,2
2020,12,13,2
2021,12,13,1
2015,1,14,4
2016,1,14,2
2017,1,14,1
2018,1,14,5
2019,1,14,5
2020,1,14,4
2021,1,14,4
2022,1,14,5
2015,2,14,5
2016,2,14,7
2017,2,14,0
2018,2,14,5
2019,2,14,7
2020,2,14,3
2021,2,14,7
2022,2,14,3
2015,3,14,8
2016,3,14,6
2017,3,14,1
2018,3,14,3
2019,3,14,5
2020,3,14,6
2021,3,14,8
2022,3,14,3
2015,4,14,2
2016,4,14,6
2017,4,14,3
2018,4,14,4
2019,4,14,3
2020,4,14,8
2021,4,14,9
2022,4,14,1
2015,5,14,2
2016,5,14,3
2017,5,14,3
2018,5,14,2
2019,5,14,4
2020,5,14,6
2021,5,14,14
2022,5,14,3
2015,6,14,5
2016,6,14,2
2017,6,14,0
2018,6,14,2
2019,6,14,4
2020,6,14,3
2021,6,14,8
2022,6,14,2
2015,7,14,5
2016,7,14,4
2017,7,14,4
2018,7,14,3
2019,7,14,6
2020,7,14,2
2021,7,14,1
2015,8,14,5
2016,8,14,3
2017,8,14,2
2018,8,14,0
2019,8,14,7
2020,8,14,4
2021,8,14,6
2015,9,14,6
2016,9,14,5
2017,9,14,2
2018,9,14,2
2019,9,14,4
2020,9,14,5
2021,9,14,2
2015,10,14,8
2016,10,14,3
2017,10,14,4
2018,10,14,0
2019,10,14,6
2020,10,14,9
2021,10,14,4
2015,11,14,7
2016,11,14,2
2017,11,14,1
2018,11,14,2
2019,11,14,5
2020,11,14,6
2021,11,14,4
2015,12,14,5
2016,12,14,5
2017,12,14,6
2018,12,14,5
2019,12,14,9
2020,12,14,12
2021,12,14,6
2015,1,15,8
2016,1,15,3
2017,1,15,4
2018,1,15,6
2019,1,15,9
2020,1,15,5
2021,1,15,11
2022,1,15,14
2015,2,15,5
2016,2,15,4
2017,2,15,13
2018,2,15,5
2019,2,15,7
2020,2,15,14
2021,2,15,15
2022,2,15,8
2015,3,15,5
2016,3,15,8
2017,3,15,6
2018,3,15,2
2019,3,15,6
2020,3,15,12
2021,3,15,11
2022,3,15,17
2015,4,15,3
2016,4,15,6
2017,4,15,7
2018,4,15,7
2019,4,15,7
2020,4,15,6
2021,4,15,14
2022,4,15,11
2015,5,15,5
2016,5,15,5
2017,5,15,4
2018,5,15,11
2019,5,15,10
2020,5,15,12
2021,5,15,11
2022,5,15,12
2015,6,15,4
2016,6,15,9
2017,6,15,5
2018,6,15,10
2019,6,15,5
2020,6,15,14
2021,6,15,6
2022,6,15,14
2015,7,15,4
2016,7,15,4
2017,7,15,9
2018,7,15,16
2019,7,15,13
2020,7,15,19
2021,7,15,12
2015,8,15,9
2016,8,15,6
2017,8,15,4
2018,8,15,11
2019,8,15,11
2020,8,15,17
2021,8,15,19
2015,9,15,6
2016,9,15,4
2017,9,15,3
2018,9,15,5
2019,9,15,13
2020,9,15,9
2021,9,15,13
2015,10,15,7
2016,10,15,4
2017,10,15,4
2018,10,15,14
2019,10,15,11
2020,10,15,14
2021,10,15,8
2015,11,15,2
2016,11,15,2
2017,11,15,6
2018,11,15,14
2019,11,15,14
2020,11,15,15
2021,11,15,12
2015,12,15,2
2016,12,15,2
2017,12,15,5
2018,12,15,14
2019,12,15,15
2020,12,15,14
2021,12,15,13
2015,1,16,0
2016,1,16,1
2017,1,16,3
2018,1,16,4
2019,1,16,0
2020,1,16,0
2021,1,16,1
2022,1,16,3
2015,2,16,0
2016,2,16,0
2017,2,16,5
2018,2,16,1
2019,2,16,2
2020,2,16,1
2021,2,16,2
2022,2,16,3
2015,3,16,0
2016,3,16,3
2017,3,16,4
2018,3,16,4
2019,3,16,1
2020,3,16,5
2021,3,16,3
2022,3,16,1
2015,4,16,1
2016,4,16,1
2017,4,16,1
2018,4,16,1
2019,4,16,1
2020,4,16,1
2021,4,16,1
2022,4,16,4
2015,5,16,0
2016,5,16,2
2017,5,16,4
2018,5,16,0
2019,5,16,0
2020,5,16,1
2021,5,16,2
2022,5,16,1
2015,6,16,1
2016,6,16,1
2017,6,16,2
2018,6,16,2
2019,6,16,0
2020,6,16,1
2021,6,16,5
2022,6,16,2
2015,7,16,1
2016,7,16,3
2017,7,16,2
2018,7,16,0
2019,7,16,3
2020,7,16,2
2021,7,16,3
2015,8,16,0
2016,8,16,2
2017,8,16,3
2018,8,16,2
2019,8,16,0
2020,8,16,2
2021,8,16,3
2015,9,16,3
2016,9,16,2
2017,9,16,1
2018,9,16,4
2019,9,16,0
2020,9,16,1
2021,9,16,2
2015,10,16,3
2016,10,16,2
2017,10,16,0
2018,10,16,1
2019,10,16,3
2020,10,16,1
2021,10,16,1
2015,11,16,2
2016,11,16,6
2017,11,16,0
2018,11,16,0
2019,11,16,2
2020,11,16,3
2021,11,16,1
2015,12,16,1
2016,12,16,2
2017,12,16,4
2018,12,16,2
2019,12,16,1
2020,12,16,3
2021,12,16,3
2015,1,17,1
2016,1,17,0
2017,1,17,5
2018,1,17,1
2019,1,17,0
2020,1,17,4
2021,1,17,5
2022,1,17,0
2015,2,17,1
2016,2,17,1
2017,2,17,2
2018,2,17,2
2019,2,17,5
2020,2,17,3
2021,2,17,2
2022,2,17,3
2015,3,17,1
2016,3,17,2
2017,3,17,2
2018,3,17,1
2019,3,17,3
2020,3,17,2
2021,3,17,5
2022,3,17,6
2015,4,17,1
2016,4,17,3
2017,4,17,4
2018,4,17,4
2019,4,17,2
2020,4,17,4
2021,4,17,3
2022,4,17,6
2015,5,17,0
2016,5,17,1
2017,5,17,4
2018,5,17,1
2019,5,17,3
2020,5,17,3
2021,5,17,3
2022,5,17,3
2015,6,17,0
2016,6,17,7
2017,6,17,6
2018,6,17,3
2019,6,17,3
2020,6,17,4
2021,6,17,3
2022,6,17,3
2015,7,17,1
2016,7,17,3
2017,7,17,3
2018,7,17,2
2019,7,17,2
2020,7,17,5
2021,7,17,0
2015,8,17,2
2016,8,17,5
2017,8,17,0
2018,8,17,1
2019,8,17,3
2020,8,17,2
2021,8,17,0
2015,9,17,1
2016,9,17,1
2017,9,17,0
2018,9,17,3
2019,9,17,6
2020,9,17,1
2021,9,17,1
2015,10,17,2
2016,10,17,1
2017,10,17,1
2018,10,17,2
2019,10,17,3
2020,10,17,1
2021,10,17,0
2015,11,17,3
2016,11,17,4
2017,11,17,0
2018,11,17,2
2019,11,17,4
2020,11,17,3
2021,11,17,1
2015,12,17,2
2016,12,17,2
2017,12,17,0
2018,12,17,6
2019,12,17,5
2020,12,17,3
2021,12,17,0
2015,1,18,0
2016,1,18,0
2017,1,18,0
2018,1,18,0
2019,1,18,1
2020,1,18,1
2021,1,18,0
2022,1,18,0
2015,2,18,0
2016,2,18,0
2017,2,18,0
2018,2,18,0
2019,2,18,1
2020,2,18,1
2021,2,18,1
2022,2,18,0
2015,3,18,0
2016,3,18,0
2017,3,18,0
2018,3,18,1
2019,3,18,0
2020,3,18,0
2021,3,18,1
2022,3,18,0
2015,4,18,0
2016,4,18,0
2017,4,18,0
2018,4,18,1
2019,4,18,1
2020,4,18,1
2021,4,18,0
2022,4,18,0
2015,5,18,0
2016,5,18,0
2017,5,18,0
2018,5,18,0
2019,5,18,0
2020,5,18,2
2021,5,18,0
2022,5,18,1
2015,6,18,0
2016,6,18,0
2017,6,18,1
2018,6,18,1
2019,6,18,0
2020,6,18,2
2021,6,18,0
2022,6,18,0
2015,7,18,0
2016,7,18,0
2017,7,18,1
2018,7,18,0
2019,7,18,0
2020,7,18,1
2021,7,18,0
2015,8,18,0
2016,8,18,0
2017,8,18,0
2018,8,18,0
2019,8,18,0
2020,8,18,1
2021,8,18,2
2015,9,18,0
2016,9,18,0
2017,9,18,1
2018,9,18,0
2019,9,18,0
2020,9,18,1
2021,9,18,1
2015,10,18,0
2016,10,18,0
2017,10,18,1
2018,10,18,0
2019,10,18,1
2020,10,18,1
2021,10,18,0
2015,11,18,0
2016,11,18,0
2017,11,18,1
2018,11,18,0
2019,11,18,0
2020,11,18,1
2021,11,18,1
2015,12,18,0
2016,12,18,0
2017,12,18,0
2018,12,18,1
2019,12,18,1
2020,12,18,0
2021,12,18,1
2015,1,19,0
2016,1,19,0
2017,1,19,0
2018,1,19,7
2019,1,19,7
2020,1,19,8
2021,1,19,2
2022,1,19,5
2015,2,19,0
2016,2,19,0
2017,2,19,0
2018,2,19,5
2019,2,19,5
2020,2,19,7
2021,2,19,5
2022,2,19,9
2015,3,19,0
2016,3,19,0
2017,3,19,1
2018,3,19,6
2019,3,19,2
2020,3,19,5
2021,3,19,3
2022,3,19,7
2015,4,19,0
2016,4,19,0
2017,4,19,0
2018,4,19,5
2019,4,19,6
2020,4,19,4
2021,4,19,4
2022,4,19,13
2015,5,19,0
2016,5,19,1
2017,5,19,2
2018,5,19,4
2019,5,19,2
2020,5,19,6
2021,5,19,6
2022,5,19,14
2015,6,19,1
2016,6,19,1
2017,6,19,6
2018,6,19,3
2019,6,19,2
2020,6,19,5
2021,6,19,1
2022,6,19,10
2015,7,19,0
2016,7,19,0
2017,7,19,6
2018,7,19,7
2019,7,19,8
2020,7,19,4
2021,7,19,4
2015,8,19,0
2016,8,19,0
2017,8,19,4
2018,8,19,6
2019,8,19,14
2020,8,19,3
2021,8,19,10
2015,9,19,0
2016,9,19,0
2017,9,19,8
2018,9,19,15
2019,9,19,7
2020,9,19,8
2021,9,19,7
2015,10,19,0
2016,10,19,0
2017,10,19,4
2018,10,19,9
2019,10,19,5
2020,10,19,7
2021,10,19,9
2015,11,19,0
2016,11,19,0
2017,11,19,8
2018,11,19,7
2019,11,19,3
2020,11,19,5
2021,11,19,6
2015,12,19,0
2016,12,19,1
2017,12,19,4
2018,12,19,5
2019,12,19,6
2020,12,19,5
2021,12,19,9
2015,1,20,0
2016,1,20,7
2017,1,20,4
2018,1,20,2
2019,1,20,4
2020,1,20,2
2021,1,20,2
2022,1,20,6
2015,2,20,1
2016,2,20,7
2017,2,20,4
2018,2,20,1
2019,2,20,2
2020,2,20,2
2021,2,20,3
2022,2,20,5
2015,3,20,0
2016,3,20,8
2017,3,20,4
2018,3,20,4
2019,3,20,1
2020,3,20,2
2021,3,20,6
2022,3,20,3
2015,4,20,0
2016,4,20,7
2017,4,20,7
2018,4,20,0
2019,4,20,1
2020,4,20,4
2021,4,20,1
2022,4,20,1
2015,5,20,0
2016,5,20,4
2017,5,20,6
2018,5,20,1
2019,5,20,4
2020,5,20,2
2021,5,20,3
2022,5,20,4
2015,6,20,0
2016,6,20,7
2017,6,20,5
2018,6,20,5
2019,6,20,3
2020,6,20,5
2021,6,20,4
2022,6,20,4
2015,7,20,0
2016,7,20,6
2017,7,20,4
2018,7,20,1
2019,7,20,3
2020,7,20,3
2021,7,20,8
2015,8,20,4
2016,8,20,6
2017,8,20,9
2018,8,20,4
2019,8,20,2
2020,8,20,3
2021,8,20,3
2015,9,20,0
2016,9,20,6
2017,9,20,7
2018,9,20,4
2019,9,20,3
2020,9,20,1
2021,9,20,2
2015,10,20,0
2016,10,20,0
2017,10,20,4
2018,10,20,1
2019,10,20,2
2020,10,20,1
2021,10,20,3
2015,11,20,3
2016,11,20,5
2017,11,20,2
2018,11,20,3
2019,11,20,2
2020,11,20,7
2021,11,20,5
2015,12,20,0
2016,12,20,4
2017,12,20,1
2018,12,20,3
2019,12,20,1
2020,12,20,4
2021,12,20,3
2015,1,21,1
2016,1,21,1
2017,1,21,3
2018,1,21,1
2019,1,21,8
2020,1,21,7
2021,1,21,1
2022,1,21,2
2015,2,21,0
2016,2,21,3
2017,2,21,1
2018,2,21,2
2019,2,21,0
2020,2,21,10
2021,2,21,2
2022,2,21,3
2015,3,21,0
2016,3,21,0
2017,3,21,3
2018,3,21,2
2019,3,21,7
2020,3,21,5
2021,3,21,8
2022,3,21,1
2015,4,21,1
2016,4,21,2
2017,4,21,3
2018,4,21,2
2019,4,21,3
2020,4,21,3
2021,4,21,6
2022,4,21,1
2015,5,21,0
2016,5,21,2
2017,5,21,4
2018,5,21,2
2019,5,21,6
2020,5,21,3
2021,5,21,4
2022,5,21,2
2015,6,21,0
2016,6,21,0
2017,6,21,4
2018,6,21,2
2019,6,21,4
2020,6,21,7
2021,6,21,3
2022,6,21,3
2015,7,21,1
2016,7,21,0
2017,7,21,4
2018,7,21,2
2019,7,21,7
2020,7,21,3
2021,7,21,4
2015,8,21,0
2016,8,21,0
2017,8,21,2
2018,8,21,2
2019,8,21,4
2020,8,21,1
2021,8,21,0
2015,9,21,0
2016,9,21,3
2017,9,21,2
2018,9,21,4
2019,9,21,5
2020,9,21,1
2021,9,21,1
2015,10,21,1
2016,10,21,0
2017,10,21,0
2018,10,21,7
2019,10,21,5
2020,10,21,4
2021,10,21,2
2015,11,21,1
2016,11,21,0
2017,11,21,1
2018,11,21,4
2019,11,21,6
2020,11,21,6
2021,11,21,2
2015,12,21,1
2016,12,21,1
2017,12,21,0
2018,12,21,2
2019,12,21,2
2020,12,21,2
2021,12,21,4
2015,1,22,2
2016,1,22,0
2017,1,22,0
2018,1,22,0
2019,1,22,0
2020,1,22,1
2021,1,22,1
2022,1,22,0
2015,2,22,1
2016,2,22,0
2017,2,22,0
2018,2,22,0
2019,2,22,0
2020,2,22,0
2021,2,22,0
2022,2,22,1
2015,3,22,0
2016,3,22,0
2017,3,22,0
2018,3,22,0
2019,3,22,1
2020,3,22,1
2021,3,22,1
2022,3,22,0
2015,4,22,1
2016,4,22,0
2017,4,22,0
2018,4,22,0
2019,4,22,2
2020,4,22,0
2021,4,22,1
2022,4,22,1
2015,5,22,0
2016,5,22,0
2017,5,22,0
2018,5,22,0
2019,5,22,1
2020,5,22,0
2021,5,22,2
2022,5,22,2
2015,6,22,0
2016,6,22,0
2017,6,22,0
2018,6,22,0
2019,6,22,2
2020,6,22,0
2021,6,22,1
2022,6,22,0
2015,7,22,1
2016,7,22,0
2017,7,22,0
2018,7,22,1
2019,7,22,0
2020,7,22,0
2021,7,22,1
2015,8,22,0
2016,8,22,1
2017,8,22,1
2018,8,22,2
2019,8,22,2
2020,8,22,2
2021,8,22,0
2015,9,22,2
2016,9,22,0
2017,9,22,0
2018,9,22,0
2019,9,22,1
2020,9,22,1
2021,9,22,0
2015,10,22,1
2016,10,22,0
2017,10,22,0
2018,10,22,2
2019,10,22,0
2020,10,22,4
2021,10,22,0
2015,11,22,0
2016,11,22,0
2017,11,22,0
2018,11,22,1
2019,11,22,1
2020,11,22,2
2021,11,22,2
2015,12,22,0
2016,12,22,0
2017,12,22,0
2018,12,22,1
2019,12,22,0
2020,12,22,0
2021,12,22,0
2015,1,23,0
2016,1,23,0
2017,1,23,0
2018,1,23,2
2019,1,23,0
2020,1,23,0
2021,1,23,2
2022,1,23,0
2015,2,23,0
2016,2,23,0
2017,2,23,0
2018,2,23,0
2019,2,23,1
2020,2,23,2
2021,2,23,0
2022,2,23,2
2015,3,23,0
2016,3,23,0
2017,3,23,1
2018,3,23,0
2019,3,23,1
2020,3,23,1
2021,3,23,2
2022,3,23,0
2015,4,23,0
2016,4,23,0
2017,4,23,0
2018,4,23,0
2019,4,23,1
2020,4,23,2
2021,4,23,2
2022,4,23,2
2015,5,23,0
2016,5,23,0
2017,5,23,0
2018,5,23,0
2019,5,23,2
2020,5,23,1
2021,5,23,4
2022,5,23,1
2015,6,23,0
2016,6,23,0
2017,6,23,0
2018,6,23,0
2019,6,23,0
2020,6,23,1
2021,6,23,4
2022,6,23,3
2015,7,23,0
2016,7,23,0
2017,7,23,0
2018,7,23,1
2019,7,23,1
2020,7,23,0
2021,7,23,1
2015,8,23,0
2016,8,23,0
2017,8,23,1
2018,8,23,0
2019,8,23,4
2020,8,23,1
2021,8,23,4
2015,9,23,0
2016,9,23,0
2017,9,23,0
2018,9,23,2
2019,9,23,2
2020,9,23,1
2021,9,23,1
2015,10,23,0
2016,10,23,0
2017,10,23,2
2018,10,23,0
2019,10,23,1
2020,10,23,2
2021,10,23,0
2015,11,23,0
2016,11,23,0
2017,11,23,0
2018,11,23,0
2019,11,23,2
2020,11,23,2
2021,11,23,2
2015,12,23,0
2016,12,23,0
2017,12,23,0
2018,12,23,3
2019,12,23,1
2020,12,23,2
2021,12,23,3
2015,1,24,0
2016,1,24,0
2017,1,24,3
2018,1,24,3
2019,1,24,2
2020,1,24,3
2021,1,24,4
2022,1,24,0
2015,2,24,0
2016,2,24,0
2017,2,24,0
2018,2,24,3
2019,2,24,2
2020,2,24,3
2021,2,24,2
2022,2,24,1
2015,3,24,1
2016,3,24,1
2017,3,24,3
2018,3,24,1
2019,3,24,2
2020,3,24,3
2021,3,24,2
2022,3,24,1
2015,4,24,0
2016,4,24,0
2017,4,24,1
2018,4,24,4
2019,4,24,1
2020,4,24,2
2021,4,24,1
2022,4,24,2
2015,5,24,4
2016,5,24,0
2017,5,24,1
2018,5,24,1
2019,5,24,2
2020,5,24,1
2021,5,24,3
2022,5,24,0
2015,6,24,1
2016,6,24,0
2017,6,24,4
2018,6,24,2
2019,6,24,3
2020,6,24,3
2021,6,24,2
2022,6,24,2
2015,7,24,0
2016,7,24,0
2017,7,24,0
2018,7,24,3
2019,7,24,1
2020,7,24,2
2021,7,24,2
2015,8,24,0
2016,8,24,0
2017,8,24,0
2018,8,24,3
2019,8,24,3
2020,8,24,2
2021,8,24,1
2015,9,24,1
2016,9,24,1
2017,9,24,0
2018,9,24,2
2019,9,24,0
2020,9,24,2
2021,9,24,2
2015,10,24,0
2016,10,24,2
2017,10,24,1
2018,10,24,3
2019,10,24,3
2020,10,24,1
2021,10,24,1
2015,11,24,0
2016,11,24,2
2017,11,24,2
2018,11,24,2
2019,11,24,3
2020,11,24,2
2021,11,24,1
2015,12,24,0
2016,12,24,2
2017,12,24,3
2018,12,24,0
2019,12,24,6
2020,12,24,3
2021,12,24,3
2015,1,25,2
2016,1,25,0
2017,1,25,5
2018,1,25,3
2019,1,25,4
2020,1,25,6
2021,1,25,4
2022,1,25,2
2015,2,25,2
2016,2,25,3
2017,2,25,7
2018,2,25,4
2019,2,25,2
2020,2,25,2
2021,2,25,3
2022,2,25,2
2015,3,25,2
2016,3,25,0
2017,3,25,9
2018,3,25,4
2019,3,25,1
2020,3,25,0
2021,3,25,2
2022,3,25,1
2015,4,25,1
2016,4,25,1
2017,4,25,3
2018,4,25,3
2019,4,25,3
2020,4,25,3
2021,4,25,1
2022,4,25,1
2015,5,25,3
2016,5,25,1
2017,5,25,10
2018,5,25,5
2019,5,25,3
2020,5,25,0
2021,5,25,3
2022,5,25,1
2015,6,25,0
2016,6,25,0
2017,6,25,5
2018,6,25,2
2019,6,25,4
2020,6,25,2
2021,6,25,9
2022,6,25,1
2015,7,25,0
2016,7,25,1
2017,7,25,9
2018,7,25,8
2019,7,25,6
2020,7,25,2
2021,7,25,2
2015,8,25,1
2016,8,25,7
2017,8,25,9
2018,8,25,4
2019,8,25,4
2020,8,25,1
2021,8,25,5
2015,9,25,0
2016,9,25,7
2017,9,25,7
2018,9,25,0
2019,9,25,5
2020,9,25,4
2021,9,25,2
2015,10,25,2
2016,10,25,11
2017,10,25,6
2018,10,25,3
2019,10,25,0
2020,10,25,0
2021,10,25,6
2015,11,25,0
2016,11,25,4
2017,11,25,8
2018,11,25,2
2019,11,25,2
2020,11,25,3
2021,11,25,0
2015,12,25,1
2016,12,25,4
2017,12,25,4
2018,12,25,10
2019,12,25,3
2020,12,25,3
2021,12,25,3
2015,1,26,2
2016,1,26,0
2017,1,26,2
2018,1,26,2
2019,1,26,3
2020,1,26,2
2021,1,26,4
2022,1,26,0
2015,2,26,3
2016,2,26,1
2017,2,26,4
2018,2,26,3
2019,2,26,5
2020,2,26,2
2021,2,26,0
2022,2,26,2
2015,3,26,2
2016,3,26,2
2017,3,26,1
2018,3,26,1
2019,3,26,6
2020,3,26,0
2021,3,26,7
2022,3,26,2
2015,4,26,0
2016,4,26,3
2017,4,26,3
2018,4,26,2
2019,4,26,2
2020,4,26,4
2021,4,26,2
2022,4,26,0
2015,5,26,1
2016,5,26,1
2017,5,26,4
2018,5,26,5
2019,5,26,4
2020,5,26,1
2021,5,26,7
2022,5,26,3
2015,6,26,1
2016,6,26,2
2017,6,26,6
2018,6,26,0
2019,6,26,2
2020,6,26,1
2021,6,26,2
2022,6,26,5
2015,7,26,5
2016,7,26,2
2017,7,26,3
2018,7,26,1
2019,7,26,2
2020,7,26,1
2021,7,26,5
2015,8,26,1
2016,8,26,2
2017,8,26,1
2018,8,26,1
2019,8,26,2
2020,8,26,2
2021,8,26,3
2015,9,26,2
2016,9,26,2
2017,9,26,4
2018,9,26,4
2019,9,26,2
2020,9,26,3
2021,9,26,2
2015,10,26,2
2016,10,26,4
2017,10,26,2
2018,10,26,4
2019,10,26,2
2020,10,26,5
2021,10,26,1
2015,11,26,2
2016,11,26,5
2017,11,26,2
2018,11,26,2
2019,11,26,3
2020,11,26,5
2021,11,26,2
2015,12,26,3
2016,12,26,6
2017,12,26,0
2018,12,26,6
2019,12,26,4
2020,12,26,4
2021,12,26,7
2015,1,27,0
2016,1,27,2
2017,1,27,1
2018,1,27,3
2019,1,27,3
2020,1,27,1
2021,1,27,0
2022,1,27,5
2015,2,27,0
2016,2,27,4
2017,2,27,1
2018,2,27,2
2019,2,27,2
2020,2,27,2
2021,2,27,0
2022,2,27,2
2015,3,27,1
2016,3,27,4
2017,3,27,1
2018,3,27,2
2019,3,27,5
2020,3,27,0
2021,3,27,1
2022,3,27,1
2015,4,27,1
2016,4,27,0
2017,4,27,5
2018,4,27,5
2019,4,27,3
2020,4,27,2
2021,4,27,1
2022,4,27,0
2015,5,27,0
2016,5,27,4
2017,5,27,5
2018,5,27,3
2019,5,27,2
2020,5,27,1
2021,5,27,1
2022,5,27,0
2015,6,27,0
2016,6,27,1
2017,6,27,1
2018,6,27,4
2019,6,27,1
2020,6,27,1
2021,6,27,3
2022,6,27,0
2015,7,27,0
2016,7,27,1
2017,7,27,1
2018,7,27,4
2019,7,27,3
2020,7,27,2
2021,7,27,1
2015,8,27,0
2016,8,27,0
2017,8,27,2
2018,8,27,1
2019,8,27,2
2020,8,27,2
2021,8,27,1
2015,9,27,0
2016,9,27,2
2017,9,27,3
2018,9,27,4
2019,9,27,1
2020,9,27,2
2021,9,27,0
2015,10,27,0
2016,10,27,2
2017,10,27,4
2018,10,27,4
2019,10,27,2
2020,10,27,0
2021,10,27,3
2015,11,27,2
2016,11,27,5
2017,11,27,1
2018,11,27,2
2019,11,27,2
2020,11,27,2
2021,11,27,2
2015,12,27,4
2016,12,27,2
2017,12,27,3
2018,12,27,6
2019,12,27,1
2020,12,27,0
2021,12,27,2
2015,1,28,0
2016,1,28,0
2017,1,28,0
2018,1,28,1
2019,1,28,0
2020,1,28,4
2021,1,28,0
2022,1,28,1
2015,2,28,0
2016,2,28,0
2017,2,28,0
2018,2,28,0
2019,2,28,0
2020,2,28,0
2021,2,28,0
2022,2,28,2
2015,3,28,0
2016,3,28,1
2017,3,28,0
2018,3,28,2
2019,3,28,1
2020,3,28,0
2021,3,28,0
2022,3,28,1
2015,4,28,0
2016,4,28,0
2017,4,28,0
2018,4,28,3
2019,4,28,1
2020,4,28,1
2021,4,28,1
2022,4,28,2
2015,5,28,0
2016,5,28,0
2017,5,28,0
2018,5,28,0
2019,5,28,3
2020,5,28,0
2021,5,28,1
2022,5,28,4
2015,6,28,0
2016,6,28,0
2017,6,28,0
2018,6,28,1
2019,6,28,0
2020,6,28,1
2021,6,28,0
2022,6,28,0
2015,7,28,0
2016,7,28,0
2017,7,28,2
2018,7,28,1
2019,7,28,1
2020,7,28,0
2021,7,28,0
2015,8,28,0
2016,8,28,0
2017,8,28,0
2018,8,28,0
2019,8,28,1
2020,8,28,0
2021,8,28,0
2015,9,28,0
2016,9,28,0
2017,9,28,2
2018,9,28,2
2019,9,28,3
2020,9,28,4
2021,9,28,1
2015,10,28,0
2016,10,28,0
2017,10,28,0
2018,10,28,1
2019,10,28,2
2020,10,28,0
2021,10,28,0
2015,11,28,0
2016,11,28,0
2017,11,28,0
2018,11,28,1
2019,11,28,2
2020,11,28,0
2021,11,28,1
2015,12,28,0
2016,12,28,0
2017,12,28,0
2018,12,28,1
2019,12,28,2
2020,12,28,2
2021,12,28,0
2015,1,29,0
2016,1,29,0
2017,1,29,0
2018,1,29,0
2019,1,29,0
2020,1,29,0
2021,1,29,2
2022,1,29,0
2015,2,29,0
2016,2,29,0
2017,2,29,0
2018,2,29,1
2019,2,29,0
2020,2,29,0
2021,2,29,1
2022,2,29,1
2015,3,29,0
2016,3,29,0
2017,3,29,0
2018,3,29,0
2019,3,29,1
2020,3,29,0
2021,3,29,0
2022,3,29,0
2015,4,29,0
2016,4,29,0
2017,4,29,0
2018,4,29,1
2019,4,29,1
2020,4,29,0
2021,4,29,2
2022,4,29,0
2015,5,29,0
2016,5,29,0
2017,5,29,0
2018,5,29,0
2019,5,29,0
2020,5,29,0
2021,5,29,2
2022,5,29,0
2015,6,29,0
2016,6,29,0
2017,6,29,0
2018,6,29,0
2019,6,29,2
2020,6,29,1
2021,6,29,0
2022,6,29,0
2015,7,29,0
2016,7,29,0
2017,7,29,0
2018,7,29,1
2019,7,29,0
2020,7,29,0
2021,7,29,0
2015,8,29,0
2016,8,29,0
2017,8,29,1
2018,8,29,0
2019,8,29,0
2020,8,29,0
2021,8,29,1
2015,9,29,0
2016,9,29,1
2017,9,29,1
2018,9,29,0
2019,9,29,0
2020,9,29,3
2021,9,29,1
2015,10,29,0
2016,10,29,0
2017,10,29,0
2018,10,29,1
2019,10,29,1
2020,10,29,2
2021,10,29,0
2015,11,29,0
2016,11,29,0
2017,11,29,0
2018,11,29,0
2019,11,29,0
2020,11,29,0
2021,11,29,0
2015,12,29,0
2016,12,29,0
2017,12,29,0
2018,12,29,0
2019,12,29,0
2020,12,29,2
2021,12,29,1
2015,1,30,3
2016,1,30,3
2017,1,30,5
2018,1,30,4
2019,1,30,8
2020,1,30,4
2021,1,30,6
2022,1,30,6
2015,2,30,3
2016,2,30,4
2017,2,30,10
2018,2,30,8
2019,2,30,7
2020,2,30,10
2021,2,30,9
2022,2,30,9
2015,3,30,2
2016,3,30,4
2017,3,30,12
2018,3,30,9
2019,3,30,13
2020,3,30,7
2021,3,30,7
2022,3,30,6
2015,4,30,4
2016,4,30,7
2017,4,30,7
2018,4,30,16
2019,4,30,10
2020,4,30,4
2021,4,30,6
2022,4,30,11
2015,5,30,3
2016,5,30,0
2017,5,30,10
2018,5,30,8
2019,5,30,4
2020,5,30,5
2021,5,30,3
2022,5,30,6
2015,6,30,1
2016,6,30,6
2017,6,30,7
2018,6,30,13
2019,6,30,13
2020,6,30,8
2021,6,30,8
2022,6,30,3
2015,7,30,4
2016,7,30,4
2017,7,30,7
2018,7,30,4
2019,7,30,9
2020,7,30,7
2021,7,30,3
2015,8,30,4
2016,8,30,5
2017,8,30,12
2018,8,30,10
2019,8,30,14
2020,8,30,9
2021,8,30,8
2015,9,30,5
2016,9,30,4
2017,9,30,9
2018,9,30,5
2019,9,30,7
2020,9,30,6
2021,9,30,5
2015,10,30,5
2016,10,30,6
2017,10,30,8
2018,10,30,6
2019,10,30,5
2020,10,30,4
2021,10,30,6
2015,11,30,2
2016,11,30,9
2017,11,30,5
2018,11,30,3
2019,11,30,7
2020,11,30,7
2021,11,30,4
2015,12,30,4
2016,12,30,6
2017,12,30,8
2018,12,30,15
2019,12,30,7
2020,12,30,5
2021,12,30,4
2015,1,31,0
2016,1,31,0
2017,1,31,0
2018,1,31,1
2019,1,31,0
2020,1,31,1
2021,1,31,0
2022,1,31,1
2015,2,31,0
2016,2,31,0
2017,2,31,1
2018,2,31,0
2019,2,31,0
2020,2,31,0
2021,2,31,1
2022,2,31,0
2015,3,31,0
2016,3,31,0
2017,3,31,2
2018,3,31,1
2019,3,31,0
2020,3,31,1
2021,3,31,0
2022,3,31,0
2015,4,31,0
2016,4,31,0
2017,4,31,0
2018,4,31,0
2019,4,31,1
2020,4,31,0
2021,4,31,0
2022,4,31,0
2015,5,31,0
2016,5,31,1
2017,5,31,1
2018,5,31,0
2019,5,31,2
2020,5,31,1
2021,5,31,1
2022,5,31,1
2015,6,31,0
2016,6,31,0
2017,6,31,3
2018,6,31,0
2019,6,31,0
2020,6,31,1
2021,6,31,0
2022,6,31,1
2015,7,31,0
2016,7,31,0
2017,7,31,0
2018,7,31,0
2019,7,31,0
2020,7,31,0
2021,7,31,1
2015,8,31,0
2016,8,31,0
2017,8,31,0
2018,8,31,2
2019,8,31,0
2020,8,31,1
2021,8,31,1
2015,9,31,0
2016,9,31,0
2017,9,31,0
2018,9,31,0
2019,9,31,0
2020,9,31,1
2021,9,31,0
2015,10,31,0
2016,10,31,0
2017,10,31,1
2018,10,31,1
2019,10,31,0
2020,10,31,0
2021,10,31,0
2015,11,31,0
2016,11,31,0
2017,11,31,0
2018,11,31,1
2019,11,31,0
2020,11,31,0
2021,11,31,1
2015,12,31,1
2016,12,31,0
2017,12,31,1
2018,12,31,1
2019,12,31,0
2020,12,31,0
2021,12,31,0
2015,1,32,0
2016,1,32,0
2017,1,32,0
2018,1,32,4
2019,1,32,1
2020,1,32,0
2021,1,32,0
2022,1,32,2
2015,2,32,0
2016,2,32,1
2017,2,32,2
2018,2,32,1
2019,2,32,1
2020,2,32,1
2021,2,32,0
2022,2,32,1
2015,3,32,0
2016,3,32,0
2017,3,32,1
2018,3,32,4
2019,3,32,0
2020,3,32,1
2021,3,32,0
2022,3,32,2
2015,4,32,0
2016,4,32,0
2017,4,32,1
2018,4,32,1
2019,4,32,1
2020,4,32,1
2021,4,32,3
2022,4,32,1
2015,5,32,0
2016,5,32,3
2017,5,32,2
2018,5,32,1
2019,5,32,1
2020,5,32,0
2021,5,32,3
2022,5,32,2
2015,6,32,0
2016,6,32,2
2017,6,32,0
2018,6,32,2
2019,6,32,0
2020,6,32,2
2021,6,32,0
2022,6,32,0
2015,7,32,0
2016,7,32,1
2017,7,32,2
2018,7,32,5
2019,7,32,1
2020,7,32,0
2021,7,32,0
2015,8,32,0
2016,8,32,1
2017,8,32,1
2018,8,32,0
2019,8,32,1
2020,8,32,2
2021,8,32,4
2015,9,32,0
2016,9,32,1
2017,9,32,0
2018,9,32,0
2019,9,32,1
2020,9,32,0
2021,9,32,1
2015,10,32,0
2016,10,32,2
2017,10,32,1
2018,10,32,0
2019,10,32,2
2020,10,32,1
2021,10,32,0
2015,11,32,0
2016,11,32,0
2017,11,32,1
2018,11,32,2
2019,11,32,1
2020,11,32,2
2021,11,32,0
2015,12,32,0
2016,12,32,0
2017,12,32,0
2018,12,32,0
2019,12,32,1
2020,12,32,0
2021,12,32,0
2015,1,0,32
2016,1,0,35
2017,1,0,49
2018,1,0,68
2019,1,0,69
2020,1,0,74
2021,1,0,76
2022,1,0,78
2015,2,0,30
2016,2,0,47
2017,2,0,64
2018,2,0,67
2019,2,0,67
2020,2,0,91
2021,2,0,76
2022,2,0,82
2015,3,0,31
2016,3,0,68
2017,3,0,61
2018,3,0,68
2019,3,0,77
2020,3,0,76
2021,3,0,100
2022,3,0,72
2015,4,0,35
2016,4,0,56
2017,4,0,61
2018,4,0,79
2019,4,0,67
2020,4,0,72
2021,4,0,80
2022,4,0,79
2015,5,0,28
2016,5,0,51
2017,5,0,69
2018,5,0,63
2019,5,0,77
2020,5,0,69
2021,5,0,105
2022,5,0,81
2015,6,0,28
2016,6,0,57
2017,6,0,74
2018,6,0,76
2019,6,0,78
2020,6,0,92
2021,6,0,83
2022,6,0,87
2015,7,0,33
2016,7,0,41
2017,7,0,70
2018,7,0,84
2019,7,0,87
2020,7,0,74
2021,7,0,69
2015,8,0,40
2016,8,0,46
2017,8,0,68
2018,8,0,65
2019,8,0,93
2020,8,0,74
2021,8,0,109
2015,9,0,41
2016,9,0,55
2017,9,0,56
2018,9,0,77
2019,9,0,88
2020,9,0,80
2021,9,0,64
2015,10,0,46
2016,10,0,46
2017,10,0,59
2018,10,0,85
2019,10,0,71
2020,10,0,78
2021,10,0,66
2015,11,0,29
2016,11,0,58
2017,11,0,57
2018,11,0,67
2019,11,0,80
2020,11,0,86
2021,11,0,71
2015,12,0,39
2016,12,0,47
2017,12,0,54
2018,12,0,99
2019,12,0,92
2020,12,0,83
2021,12,0,79
2015,0,1,0
2016,0,1,0
2017,0,1,0
2018,0,1,4
2019,0,1,5
2020,0,1,3
2021,0,1,9
2022,0,1,7
2015,0,2,10
2016,0,2,12
2017,0,2,11
2018,0,2,27
2019,0,2,23
2020,0,2,31
2021,0,2,19
2022,0,2,14
2015,0,3,0
2016,0,3,0
2017,0,3,0
2018,0,3,0
2019,0,3,2
2020,0,3,4
2021,0,3,7
2022,0,3,3
2015,0,4,4
2016,0,4,3
2017,0,4,1
2018,0,4,5
2019,0,4,6
2020,0,4,3
2021,0,4,7
2022,0,4,7
2015,0,5,16
2016,0,5,14
2017,0,5,9
2018,0,5,13
2019,0,5,24
2020,0,5,24
2021,0,5,22
2022,0,5,14
2015,0,6,5
2016,0,6,22
2017,0,6,4
2018,0,6,12
2019,0,6,10
2020,0,6,7
2021,0,6,4
2022,0,6,0
2015,0,7,36
2016,0,7,32
2017,0,7,29
2018,0,7,21
2019,0,7,20
2020,0,7,28
2021,0,7,46
2022,0,7,20
2015,0,8,0
2016,0,8,0
2017,0,8,11
2018,0,8,44
2019,0,8,29
2020,0,8,30
2021,0,8,44
2022,0,8,22
2015,0,9,56
2016,0,9,46
2017,0,9,37
2018,0,9,47
2019,0,9,72
2020,0,9,78
2021,0,9,68
2022,0,9,31
2015,0,10,2
2016,0,10,2
2017,0,10,9
2018,0,10,4
2019,0,10,10
2020,0,10,12
2021,0,10,10
2022,0,10,8
2015,0,11,16
2016,0,11,14
2017,0,11,12
2018,0,11,21
2019,0,11,18
2020,0,11,19
2021,0,11,30
2022,0,11,12
2015,0,12,1
2016,0,12,21
2017,0,12,21
2018,0,12,33
2019,0,12,18
2020,0,12,13
2021,0,12,17
2022,0,12,4
2015,0,13,0
2016,0,13,22
2017,0,13,22
2018,0,13,20
2019,0,13,20
2020,0,13,19
2021,0,13,20
2022,0,13,6
2015,0,14,62
2016,0,14,48
2017,0,14,27
2018,0,14,33
2019,0,14,65
2020,0,14,68
2021,0,14,73
2022,0,14,17
2015,0,15,60
2016,0,15,57
2017,0,15,70
2018,0,15,115
2019,0,15,121
2020,0,15,151
2021,0,15,145
2022,0,15,76
2015,0,16,12
2016,0,16,25
2017,0,16,29
2018,0,16,21
2019,0,16,13
2020,0,16,21
2021,0,16,27
2022,0,16,14
2015,0,17,15
2016,0,17,30
2017,0,17,27
2018,0,17,28
2019,0,17,39
2020,0,17,35
2021,0,17,23
2022,0,17,21
2015,0,18,0
2016,0,18,0
2017,0,18,5
2018,0,18,4
2019,0,18,5
2020,0,18,12
2021,0,18,7
2022,0,18,1
2015,0,19,1
2016,0,19,3
2017,0,19,43
2018,0,19,79
2019,0,19,67
2020,0,19,67
2021,0,19,66
2022,0,19,58
2015,0,20,8
2016,0,20,67
2017,0,20,57
2018,0,20,29
2019,0,20,28
2020,0,20,36
2021,0,20,43
2022,0,20,23
2015,0,21,6
2016,0,21,12
2017,0,21,27
2018,0,21,32
2019,0,21,57
2020,0,21,52
2021,0,21,37
2022,0,21,12
2015,0,22,8
2016,0,22,1
2017,0,22,1
2018,0,22,7
2019,0,22,10
2020,0,22,11
2021,0,22,9
2022,0,22,4
2015,0,23,0
2016,0,23,0
2017,0,23,4
2018,0,23,8
2019,0,23,16
2020,0,23,15
2021,0,23,25
2022,0,23,8
2015,0,24,7
2016,0,24,8
2017,0,24,18
2018,0,24,27
2019,0,24,28
2020,0,24,27
2021,0,24,24
2022,0,24,6
2015,0,25,14
2016,0,25,39
2017,0,25,82
2018,0,25,48
2019,0,25,37
2020,0,25,26
2021,0,25,40
2022,0,25,8
2015,0,26,24
2016,0,26,30
2017,0,26,32
2018,0,26,31
2019,0,26,37
2020,0,26,30
2021,0,26,42
2022,0,26,12
2015,0,27,8
2016,0,27,27
2017,0,27,28
2018,0,27,40
2019,0,27,27
2020,0,27,15
2021,0,27,15
2022,0,27,8
2015,0,28,0
2016,0,28,1
2017,0,28,4
2018,0,28,13
2019,0,28,16
2020,0,28,12
2021,0,28,4
2022,0,28,10
2015,0,29,0
2016,0,29,1
2017,0,29,2
2018,0,29,4
2019,0,29,5
2020,0,29,8
2021,0,29,10
2022,0,29,1
2015,0,30,40
2016,0,30,58
2017,0,30,100
2018,0,30,101
2019,0,30,104
2020,0,30,76
2021,0,30,69
2022,0,30,41
2015,0,31,1
2016,0,31,1
2017,0,31,9
2018,0,31,7
2019,0,31,3
2020,0,31,6
2021,0,31,5
2022,0,31,3
2015,0,32,0
2016,0,32,11
2017,0,32,11
2018,0,32,20
2019,0,32,11
2020,0,32,10
2021,0,32,11
2022,0,32,8
2015,0,0,412
2016,0,0,607
2017,0,0,742
2018,0,0,898
2019,0,0,946
2020,0,0,949
2021,0,0,978
2022,0,0,479
